name,email
AT&C Accountants en Belastingadviseurs,info@atcaccountants.nl
Bentacera,info@bentacera.nl
Bentacera,info@bentacera.nl
Bentacera,N/A
Bregman Accountants BV,info@bregmanaccountants.nl
Van Brugge & Partners BV,haarlem@vanbrugge.nl
Bentacera,info@bentacera.nl
Bentacera,peterpaul.koenders@bentacera.nl
Peter Kok Accountancy & Advies,info@pkaa.nl
C J van Beek & Co Accountantskantoor,vanbeek@vanbeekenco.nl
Spek Accountants en Belastingadviseurs BV,info@spek.nl
Bentacera,info@bentacera.nl
Van Meel & Jonkers,info@vanmeelenjonkers.nl
Bentacera,info@bentacera.nl
Paans Accountancy Renate,info@renatepaans.nl
BDS Fiscale & Financiële Adviseurs,info@bdsaa.nl
Deijle en Partners Accountants | Adviseurs,info@depaa.nl
Accens Accountants & Adviseurs BV,info@accens.nl
Accountantskantoor Lotz,dlotz@online.nl
Ad de Laat Accountancy & financiële planning,AD@ADDELAAT.NU
AT&C Accountants en Belastingadviseurs,info@atcaccountants.nl
Van Brugge & Partners BV,haarlem@vanbrugge.nl
Bentacera,info@bentacera.nl
Bentacera,info@bentacera.nl
Bentacera,info@bentacera.nl
Bentacera,peterpaul.koenders@bentacera.nl
Bregman Accountants BV,info@bregmanaccountants.nl
Bentacera,N/A
C J van Beek & Co Accountantskantoor,vanbeek@vanbeekenco.nl
Bentacera,info@bentacera.nl
Bentacera,info@bentacera.nl
Spek Accountants en Belastingadviseurs BV,info@spek.nl
Van Meel & Jonkers,info@vanmeelenjonkers.nl
Peter Kok Accountancy & Advies,info@pkaa.nl
Paans Accountancy Renate,info@renatepaans.nl
BDS Fiscale & Financiële Adviseurs,info@bdsaa.nl
Accens Accountants & Adviseurs BV,info@accens.nl
Braak Accountants Drachten Van,drachten@vanbraakaccountants.nl
Braak Accountants Zuidbroek van,info@vba-zuidbroek.nl
Accountantskantoor Kasteleijn-Van Zwet,miranda@kasteleijnvanzwet.nl
AT&C Accountants en Belastingadviseurs,info@atcaccountants.nl
Bentacera,info@bentacera.nl
Van Brugge & Partners BV,haarlem@vanbrugge.nl
Bentacera,info@bentacera.nl
Bentacera,N/A
Bentacera,peterpaul.koenders@bentacera.nl
Bentacera,info@bentacera.nl
Bregman Accountants BV,info@bregmanaccountants.nl
Bentacera,info@bentacera.nl
Bentacera,info@bentacera.nl
Van Meel & Jonkers,info@vanmeelenjonkers.nl
Peter Kok Accountancy & Advies,info@pkaa.nl
Spek Accountants en Belastingadviseurs BV,info@spek.nl
C J van Beek & Co Accountantskantoor,vanbeek@vanbeekenco.nl
Paans Accountancy Renate,info@renatepaans.nl
BDS Fiscale & Financiële Adviseurs,info@bdsaa.nl
Remark Accountants,info@remarkaccountants.nl
Accountants en Belastingadviseurs Smit,info@accountantskantoorsmit.nl
Accountants & Adviseurs Hoefs,N/A
Accountantskantoor Kasteleijn-Van Zwet,miranda@kasteleijnvanzwet.nl
AT&C Accountants en Belastingadviseurs,info@atcaccountants.nl
Van Brugge & Partners BV,haarlem@vanbrugge.nl
Bentacera,peterpaul.koenders@bentacera.nl
Bentacera,info@bentacera.nl
Bentacera,N/A
Bregman Accountants BV,info@bregmanaccountants.nl
Bentacera,info@bentacera.nl
Bentacera,info@bentacera.nl
Spek Accountants en Belastingadviseurs BV,info@spek.nl
Peter Kok Accountancy & Advies,info@pkaa.nl
Van Meel & Jonkers,info@vanmeelenjonkers.nl
Bentacera,info@bentacera.nl
Bentacera,info@bentacera.nl
C J van Beek & Co Accountantskantoor,vanbeek@vanbeekenco.nl
Paans Accountancy Renate,info@renatepaans.nl
BDS Fiscale & Financiële Adviseurs,info@bdsaa.nl
Remark Accountants,info@remarkaccountants.nl
Accountants en Belastingadviseurs Smit,info@accountantskantoorsmit.nl
Accountants & Adviseurs Hoefs,N/A
Braak Accountants Zuidbroek van,info@vba-zuidbroek.nl
AT&C Accountants en Belastingadviseurs,info@atcaccountants.nl
Bregman Accountants BV,info@bregmanaccountants.nl
Bentacera,info@bentacera.nl
Bentacera,info@bentacera.nl
Bentacera,peterpaul.koenders@bentacera.nl
Bentacera,info@bentacera.nl
Bentacera,N/A
Van Brugge & Partners BV,haarlem@vanbrugge.nl
Spek Accountants en Belastingadviseurs BV,info@spek.nl
Bentacera,info@bentacera.nl
Bentacera,info@bentacera.nl
C J van Beek & Co Accountantskantoor,vanbeek@vanbeekenco.nl
Peter Kok Accountancy & Advies,info@pkaa.nl
Van Meel & Jonkers,info@vanmeelenjonkers.nl
BDS Fiscale & Financiële Adviseurs,info@bdsaa.nl
Paans Accountancy Renate,info@renatepaans.nl
Remark Accountants,info@remarkaccountants.nl
Accens Accountants & Adviseurs BV,info@accens.nl
Deijle en Partners Accountants | Adviseurs,info@depaa.nl
Braak Accountants Drachten Van,drachten@vanbraakaccountants.nl
