name,phone
AT&C Accountants en Belastingadviseurs,+31344636161
Bentacera,+31883210800
Bentacera,+31883210830
Bentacera,+31883210870
Bregman Accountants BV,+31793630456
Van Brugge & Partners BV,+31235316550
Bentacera,+31883210820
Bentacera,+31883210850
Peter Kok Accountancy & Advies,+31592405707
C J van Beek & Co Accountantskantoor,+31356925800
Spek Accountants en Belastingadviseurs BV,+31180591581
Bentacera,+31883210810
Van Meel & Jonkers,+31164210090
Bentacera,+31883210860
Paans Accountancy Renate,+31599332063
BDS Fiscale & Financiële Adviseurs,+31306013437
Deijle en Partners Accountants | Adviseurs,+31251320848
Accens Accountants & Adviseurs BV,+31475470278
Accountantskantoor Lotz,+31464260180
Ad de Laat Accountancy & financiële planning,
AT&C Accountants en Belastingadviseurs,+31344636161
Van Brugge & Partners BV,+31235316550
Bentacera,+31883210820
Bentacera,+31883210800
Bentacera,+31883210830
Bentacera,+31883210850
Bregman Accountants BV,+31793630456
Bentacera,+31883210870
C J van Beek & Co Accountantskantoor,+31356925800
Bentacera,+31883210860
Bentacera,+31883210810
Spek Accountants en Belastingadviseurs BV,+31180591581
Van Meel & Jonkers,+31164210090
Peter Kok Accountancy & Advies,+31592405707
Paans Accountancy Renate,+31599332063
BDS Fiscale & Financiële Adviseurs,+31306013437
Accens Accountants & Adviseurs BV,+31475470278
Braak Accountants Drachten Van,+31512571250
Braak Accountants Zuidbroek van,+31598319519
Accountantskantoor Kasteleijn-Van Zwet,+31499370368
AT&C Accountants en Belastingadviseurs,+31344636161
Bentacera,+31883210800
Van Brugge & Partners BV,+31235316550
Bentacera,+31883210820
Bentacera,+31883210870
Bentacera,+31883210850
Bentacera,+31883210830
Bregman Accountants BV,+31793630456
Bentacera,+31883210860
Bentacera,+31883210810
Van Meel & Jonkers,+31164210090
Peter Kok Accountancy & Advies,+31592405707
Spek Accountants en Belastingadviseurs BV,+31180591581
C J van Beek & Co Accountantskantoor,+31356925800
Paans Accountancy Renate,+31599332063
BDS Fiscale & Financiële Adviseurs,+31306013437
Remark Accountants,+31306308909
Accountants en Belastingadviseurs Smit,+31547363631
Accountants & Adviseurs Hoefs,+31297250365
Accountantskantoor Kasteleijn-Van Zwet,+31499370368
AT&C Accountants en Belastingadviseurs,+31344636161
Van Brugge & Partners BV,+31235316550
Bentacera,+31883210850
Bentacera,+31883210800
Bentacera,+31883210870
Bregman Accountants BV,+31793630456
Bentacera,+31883210830
Bentacera,+31883210820
Spek Accountants en Belastingadviseurs BV,+31180591581
Peter Kok Accountancy & Advies,+31592405707
Van Meel & Jonkers,+31164210090
Bentacera,+31883210810
Bentacera,+31883210860
C J van Beek & Co Accountantskantoor,+31356925800
Paans Accountancy Renate,+31599332063
BDS Fiscale & Financiële Adviseurs,+31306013437
Remark Accountants,+31306308909
Accountants en Belastingadviseurs Smit,+31547363631
Accountants & Adviseurs Hoefs,+31297250365
Braak Accountants Zuidbroek van,+31598319519
AT&C Accountants en Belastingadviseurs,+31344636161
Bregman Accountants BV,+31793630456
Bentacera,+31883210820
Bentacera,+31883210800
Bentacera,+31883210850
Bentacera,+31883210830
Bentacera,+31883210870
Van Brugge & Partners BV,+31235316550
Spek Accountants en Belastingadviseurs BV,+31180591581
Bentacera,+31883210860
Bentacera,+31883210810
C J van Beek & Co Accountantskantoor,+31356925800
Peter Kok Accountancy & Advies,+31592405707
Van Meel & Jonkers,+31164210090
BDS Fiscale & Financiële Adviseurs,+31306013437
Paans Accountancy Renate,+31599332063
Remark Accountants,+31306308909
Accens Accountants & Adviseurs BV,+31475470278
Deijle en Partners Accountants | Adviseurs,+31251320848
Braak Accountants Drachten Van,+31512571250
